id,width,height,url,photographer,photographer_url,photographer_id,avg_color,src.original,src.large2x,src.large,src.medium,src.small,src.portrait,src.landscape,src.tiny,alt
21751820,3888,5184,https://www.pexels.com/photo/a-small-island-surrounded-by-trees-in-the-middle-of-a-lake-21751820/,Felix,https://www.pexels.com/@felix,21751820,#333831,https://images.pexels.com/photos/21751820/pexels-photo-21751820.jpeg,https://images.pexels.com/photos/21751820/pexels-photo-21751820.jpeg?auto=compress&cs=tinysrgb&dpr=2&h=650&w=940,https://images.pexels.com/photos/21751820/pexels-photo-21751820.jpeg?auto=compress&cs=tinysrgb&h=650&w=940,https://images.pexels.com/photos/21751820/pexels-photo-21751820.jpeg?auto=compress&cs=tinysrgb&h=350,https://images.pexels.com/photos/21751820/pexels-photo-21751820.jpeg?auto=compress&cs=tinysrgb&h=130,https://images.pexels.com/photos/21751820/pexels-photo-21751820.jpeg?auto=compress&cs=tinysrgb&fit=crop&h=1200&w=800,https://images.pexels.com/photos/21751820/pexels-photo-21751820.jpeg?auto=compress&cs=tinysrgb&fit=crop&h=627&w=1200,https://images.pexels.com/photos/21751820/pexels-photo-21751820.jpeg?auto=compress&cs=tinysrgb&dpr=1&fit=crop&h=200&w=280,A small island surrounded by trees in the middle of a lake
21405575,5284,3514,https://www.pexels.com/photo/two-older-people-cycling-21405575/,Centre for Ageing Better,https://www.pexels.com/@centre-for-ageing-better,21405575,#6D755E,https://images.pexels.com/photos/21405575/pexels-photo-21405575.jpeg,https://images.pexels.com/photos/21405575/pexels-photo-21405575.jpeg?auto=compress&cs=tinysrgb&dpr=2&h=650&w=940,https://images.pexels.com/photos/21405575/pexels-photo-21405575.jpeg?auto=compress&cs=tinysrgb&h=650&w=940,https://images.pexels.com/photos/21405575/pexels-photo-21405575.jpeg?auto=compress&cs=tinysrgb&h=350,https://images.pexels.com/photos/21405575/pexels-photo-21405575.jpeg?auto=compress&cs=tinysrgb&h=130,https://images.pexels.com/photos/21405575/pexels-photo-21405575.jpeg?auto=compress&cs=tinysrgb&fit=crop&h=1200&w=800,https://images.pexels.com/photos/21405575/pexels-photo-21405575.jpeg?auto=compress&cs=tinysrgb&fit=crop&h=627&w=1200,https://images.pexels.com/photos/21405575/pexels-photo-21405575.jpeg?auto=compress&cs=tinysrgb&dpr=1&fit=crop&h=200&w=280,Two older people cycling
21294736,3456,4608,https://www.pexels.com/photo/black-and-white-photo-of-people-walking-on-the-beach-21294736/,Victor de Dompablo,https://www.pexels.com/@victor-de-dompablo,21294736,#757472,https://images.pexels.com/photos/21294736/pexels-photo-21294736.jpeg,https://images.pexels.com/photos/21294736/pexels-photo-21294736.jpeg?auto=compress&cs=tinysrgb&dpr=2&h=650&w=940,https://images.pexels.com/photos/21294736/pexels-photo-21294736.jpeg?auto=compress&cs=tinysrgb&h=650&w=940,https://images.pexels.com/photos/21294736/pexels-photo-21294736.jpeg?auto=compress&cs=tinysrgb&h=350,https://images.pexels.com/photos/21294736/pexels-photo-21294736.jpeg?auto=compress&cs=tinysrgb&h=130,https://images.pexels.com/photos/21294736/pexels-photo-21294736.jpeg?auto=compress&cs=tinysrgb&fit=crop&h=1200&w=800,https://images.pexels.com/photos/21294736/pexels-photo-21294736.jpeg?auto=compress&cs=tinysrgb&fit=crop&h=627&w=1200,https://images.pexels.com/photos/21294736/pexels-photo-21294736.jpeg?auto=compress&cs=tinysrgb&dpr=1&fit=crop&h=200&w=280,Black and white photo of people walking on the beach
21617723,6000,4000,https://www.pexels.com/photo/arg-karim-khan-zand-21617723/,Amim Kashmiri,https://www.pexels.com/@amim-kashmiri,21617723,#434343,https://images.pexels.com/photos/21617723/pexels-photo-21617723.jpeg,https://images.pexels.com/photos/21617723/pexels-photo-21617723.jpeg?auto=compress&cs=tinysrgb&dpr=2&h=650&w=940,https://images.pexels.com/photos/21617723/pexels-photo-21617723.jpeg?auto=compress&cs=tinysrgb&h=650&w=940,https://images.pexels.com/photos/21617723/pexels-photo-21617723.jpeg?auto=compress&cs=tinysrgb&h=350,https://images.pexels.com/photos/21617723/pexels-photo-21617723.jpeg?auto=compress&cs=tinysrgb&h=130,https://images.pexels.com/photos/21617723/pexels-photo-21617723.jpeg?auto=compress&cs=tinysrgb&fit=crop&h=1200&w=800,https://images.pexels.com/photos/21617723/pexels-photo-21617723.jpeg?auto=compress&cs=tinysrgb&fit=crop&h=627&w=1200,https://images.pexels.com/photos/21617723/pexels-photo-21617723.jpeg?auto=compress&cs=tinysrgb&dpr=1&fit=crop&h=200&w=280,arg karim khan zand
21328017,5207,7800,https://www.pexels.com/photo/couple-photography-kinga-runo-bath-bristol-21328017/,Kinga Runo,https://www.pexels.com/@kinga-runo,21328017,#636363,https://images.pexels.com/photos/21328017/pexels-photo-21328017.jpeg,https://images.pexels.com/photos/21328017/pexels-photo-21328017.jpeg?auto=compress&cs=tinysrgb&dpr=2&h=650&w=940,https://images.pexels.com/photos/21328017/pexels-photo-21328017.jpeg?auto=compress&cs=tinysrgb&h=650&w=940,https://images.pexels.com/photos/21328017/pexels-photo-21328017.jpeg?auto=compress&cs=tinysrgb&h=350,https://images.pexels.com/photos/21328017/pexels-photo-21328017.jpeg?auto=compress&cs=tinysrgb&h=130,https://images.pexels.com/photos/21328017/pexels-photo-21328017.jpeg?auto=compress&cs=tinysrgb&fit=crop&h=1200&w=800,https://images.pexels.com/photos/21328017/pexels-photo-21328017.jpeg?auto=compress&cs=tinysrgb&fit=crop&h=627&w=1200,https://images.pexels.com/photos/21328017/pexels-photo-21328017.jpeg?auto=compress&cs=tinysrgb&dpr=1&fit=crop&h=200&w=280,Couple photography Kinga Runo Bath Bristol
21315872,4160,6240,https://www.pexels.com/photo/a-glimpse-of-london-21315872/,Matteo Roman,https://www.pexels.com/@matteo-roman,21315872,#91A197,https://images.pexels.com/photos/21315872/pexels-photo-21315872.jpeg,https://images.pexels.com/photos/21315872/pexels-photo-21315872.jpeg?auto=compress&cs=tinysrgb&dpr=2&h=650&w=940,https://images.pexels.com/photos/21315872/pexels-photo-21315872.jpeg?auto=compress&cs=tinysrgb&h=650&w=940,https://images.pexels.com/photos/21315872/pexels-photo-21315872.jpeg?auto=compress&cs=tinysrgb&h=350,https://images.pexels.com/photos/21315872/pexels-photo-21315872.jpeg?auto=compress&cs=tinysrgb&h=130,https://images.pexels.com/photos/21315872/pexels-photo-21315872.jpeg?auto=compress&cs=tinysrgb&fit=crop&h=1200&w=800,https://images.pexels.com/photos/21315872/pexels-photo-21315872.jpeg?auto=compress&cs=tinysrgb&fit=crop&h=627&w=1200,https://images.pexels.com/photos/21315872/pexels-photo-21315872.jpeg?auto=compress&cs=tinysrgb&dpr=1&fit=crop&h=200&w=280,A glimpse of London
21294950,5184,3456,https://www.pexels.com/photo/end-of-the-day-with-the-horses-of-casablanca-21294950/,Badr Samih,https://www.pexels.com/@badr-samih,21294950,#7C401B,https://images.pexels.com/photos/21294950/pexels-photo-21294950.jpeg,https://images.pexels.com/photos/21294950/pexels-photo-21294950.jpeg?auto=compress&cs=tinysrgb&dpr=2&h=650&w=940,https://images.pexels.com/photos/21294950/pexels-photo-21294950.jpeg?auto=compress&cs=tinysrgb&h=650&w=940,https://images.pexels.com/photos/21294950/pexels-photo-21294950.jpeg?auto=compress&cs=tinysrgb&h=350,https://images.pexels.com/photos/21294950/pexels-photo-21294950.jpeg?auto=compress&cs=tinysrgb&h=130,https://images.pexels.com/photos/21294950/pexels-photo-21294950.jpeg?auto=compress&cs=tinysrgb&fit=crop&h=1200&w=800,https://images.pexels.com/photos/21294950/pexels-photo-21294950.jpeg?auto=compress&cs=tinysrgb&fit=crop&h=627&w=1200,https://images.pexels.com/photos/21294950/pexels-photo-21294950.jpeg?auto=compress&cs=tinysrgb&dpr=1&fit=crop&h=200&w=280,End of the day with the horses of Casablanca
21274611,2862,4296,https://www.pexels.com/photo/profundidad-21274611/,Marcelo Gonzalez,https://www.pexels.com/@marcelo-gonzalez,21274611,#798792,https://images.pexels.com/photos/21274611/pexels-photo-21274611.jpeg,https://images.pexels.com/photos/21274611/pexels-photo-21274611.jpeg?auto=compress&cs=tinysrgb&dpr=2&h=650&w=940,https://images.pexels.com/photos/21274611/pexels-photo-21274611.jpeg?auto=compress&cs=tinysrgb&h=650&w=940,https://images.pexels.com/photos/21274611/pexels-photo-21274611.jpeg?auto=compress&cs=tinysrgb&h=350,https://images.pexels.com/photos/21274611/pexels-photo-21274611.jpeg?auto=compress&cs=tinysrgb&h=130,https://images.pexels.com/photos/21274611/pexels-photo-21274611.jpeg?auto=compress&cs=tinysrgb&fit=crop&h=1200&w=800,https://images.pexels.com/photos/21274611/pexels-photo-21274611.jpeg?auto=compress&cs=tinysrgb&fit=crop&h=627&w=1200,https://images.pexels.com/photos/21274611/pexels-photo-21274611.jpeg?auto=compress&cs=tinysrgb&dpr=1&fit=crop&h=200&w=280,Profundidad
21705409,2920,3965,https://www.pexels.com/photo/free-stock-photo-of-awakening-background-blooming-21705409/,Guzel'S,https://www.pexels.com/@guzel-s,21705409,#8F806B,https://images.pexels.com/photos/21705409/pexels-photo-21705409.jpeg,https://images.pexels.com/photos/21705409/pexels-photo-21705409.jpeg?auto=compress&cs=tinysrgb&dpr=2&h=650&w=940,https://images.pexels.com/photos/21705409/pexels-photo-21705409.jpeg?auto=compress&cs=tinysrgb&h=650&w=940,https://images.pexels.com/photos/21705409/pexels-photo-21705409.jpeg?auto=compress&cs=tinysrgb&h=350,https://images.pexels.com/photos/21705409/pexels-photo-21705409.jpeg?auto=compress&cs=tinysrgb&h=130,https://images.pexels.com/photos/21705409/pexels-photo-21705409.jpeg?auto=compress&cs=tinysrgb&fit=crop&h=1200&w=800,https://images.pexels.com/photos/21705409/pexels-photo-21705409.jpeg?auto=compress&cs=tinysrgb&fit=crop&h=627&w=1200,https://images.pexels.com/photos/21705409/pexels-photo-21705409.jpeg?auto=compress&cs=tinysrgb&dpr=1&fit=crop&h=200&w=280,Free stock photo of awakening background blooming
21077134,2551,4536,https://www.pexels.com/photo/canggu-surfer-21077134/,Lukas Faust,https://www.pexels.com/@lukas-faust,21077134,#8C968E,https://images.pexels.com/photos/21077134/pexels-photo-21077134.jpeg,https://images.pexels.com/photos/21077134/pexels-photo-21077134.jpeg?auto=compress&cs=tinysrgb&dpr=2&h=650&w=940,https://images.pexels.com/photos/21077134/pexels-photo-21077134.jpeg?auto=compress&cs=tinysrgb&h=650&w=940,https://images.pexels.com/photos/21077134/pexels-photo-21077134.jpeg?auto=compress&cs=tinysrgb&h=350,https://images.pexels.com/photos/21077134/pexels-photo-21077134.jpeg?auto=compress&cs=tinysrgb&h=130,https://images.pexels.com/photos/21077134/pexels-photo-21077134.jpeg?auto=compress&cs=tinysrgb&fit=crop&h=1200&w=800,https://images.pexels.com/photos/21077134/pexels-photo-21077134.jpeg?auto=compress&cs=tinysrgb&fit=crop&h=627&w=1200,https://images.pexels.com/photos/21077134/pexels-photo-21077134.jpeg?auto=compress&cs=tinysrgb&dpr=1&fit=crop&h=200&w=280,Canggu Surfer
